Name,Franchise,Medium,Role,Powers,Strengths,Weaknesses,Signature Abilities,Power Tier,Confidence,Cross-Medium Note
Goku,Dragon Ball,anime,Fighter,"Ki manipulation, flight, Super Saiyan forms, Ultra Instinct","Limitless growth, instant technique mastery, near-infinite stamina","Naive, lets foes power up, reckless","Kamehameha, Spirit Bomb, Instant Transmission, Ultra Instinct",Universal,High,
Vegeta,Dragon Ball,anime,Fighter,"Ki blasts, flight, Super Saiyan Blue, Ultra Ego","Tactical genius, pride-fueled power spikes, fast adaptation","Pride, overconfidence, slower growth than Goku","Final Flash, Galick Gun, Big Bang Attack",Universal,High,
Frieza,Dragon Ball,anime,Tyrant,"Ki control, multiple transformations, Golden form","Effortless planet-busting power, telekinesis, ruthless","Arrogance, stamina drain in higher forms","Death Beam, Death Ball, Golden Frieza",Planet,High,
Gohan,Dragon Ball,anime,Fighter,"Ki, Super Saiyan, Ultimate/Beast form","Highest latent potential, scholarly mind","Lapses in training, pacifist hesitation","Father-Son Kamehameha, Special Beam, Beast form",Planet,High,
Piccolo,Dragon Ball,anime,Namekian,"Ki, regeneration, size change, fusion","Strategist, regrows limbs, telepathy","Dies if head destroyed, outpaced by Saiyans","Special Beam Cannon, Hellzone Grenade",Planet,High,
Naruto Uzumaki,Naruto,anime,Ninja,"Chakra, Nine-Tails, Sage Mode, Six Paths, shadow clones","Massive chakra, healing, sensing, unbreakable will","Reckless early, clone-reliant, chakra burn","Rasengan, Rasenshuriken, Kurama Mode",Continent,High,
Sasuke Uchiha,Naruto,anime,Ninja,"Sharingan, Rinnegan, lightning, Amaterasu, Susanoo","Genius, dojutsu mastery, space-time ninjutsu","Arrogance, eye chakra drain, volatility","Chidori, Amaterasu, Susanoo, Indra's Arrow",Continent,High,
Itachi Uchiha,Naruto,anime,Ninja,"Mangekyo Sharingan, Tsukuyomi, Amaterasu, Susanoo","Genjutsu master, Totsuka/Yata, intellect","Illness, failing eyesight, chakra drain","Tsukuyomi, Susanoo, Izanami",Continent,High,
Kakashi Hatake,Naruto,anime,Ninja,"Sharingan (former), lightning, Kamui, copy ninjutsu","Copies 1000+ jutsu, Kamui phase, genius","Chakra drain, fully human reserves","Chidori, Lightning Blade, Kamui",Island,High,
Madara Uchiha,Naruto,anime,Ninja,"Rinnegan, Six Paths, Susanoo, wood, Limbo","Near-invincible, meteor summons","Reliant on eyes/Ten-Tails, ego","Perfect Susanoo, Limbo, meteor drop",Continent,High,
Pain,Naruto,anime,Ninja,"Six Paths, Rinnegan, gravity control","Push/pull gravity, soul rip, summons, revival","Frail real body (Nagato), shared-vision lag","Shinra Tensei, Chibaku Tensei",Continent,High,
Minato Namikaze,Naruto,anime,Ninja,"Flying Raijin teleport, Rasengan, sensing","Fastest shinobi, instant strikes","Chakra cost, mortal","Flying Raijin, Rasengan",Island,High,
Hashirama Senju,Naruto,anime,Ninja,"Wood Release, Sage Mode, vast vitality","Massive wood golems, healing","Mortal lifespan, finite chakra","Wood Dragon, True Thousand Hands",Continent,High,
Might Guy,Naruto,anime,Ninja,"Eight Gates, taijutsu mastery",Night Guy rivals gods at full power,"Gates can kill user, permanent injury","Eight Gates, Night Guy",Continent,High,
Gaara,Naruto,anime,Ninja,"Sand manipulation, automatic defense","Absolute sand shield, ranged crush/bind","Slow vs speedsters, chakra drain","Sand Coffin, Sand Tsunami",City,High,
Monkey D. Luffy,One Piece,anime,Pirate,"Rubber body, Gear forms, Conqueror's Haki, Gear 5","Adaptive combat, Haki mastery, huge endurance","Can't swim, stamina crashes, simple","Gum-Gum Pistol, Gear 4/5, Conqueror's Haki",Island,High,
Roronoa Zoro,One Piece,anime,Pirate,"Three-sword style, Armament/Observation Haki, Asura","Cuts steel/buildings, inhuman durability","No sense of direction, reckless","Three Thousand Worlds, Asura, King of Hell",City,High,
Sanji,One Piece,anime,Pirate,"Black-leg style, Diable Jambe, Raid Suit","Powerful kicks, speed, fire","Won't hit women, hunger weakens him","Diable Jambe, Sky Walk, Ifrit Jambe",City,High,
Shanks,One Piece,anime,Pirate,"All three Haki, swordsmanship","Top-tier Conqueror's Haki, feared Emperor","One arm, no Devil Fruit","Haki-imbued slashes, Conqueror's clash",Island,High,
Kaido,One Piece,anime,Pirate,"Dragon Fruit, all Haki, extreme durability","'Strongest creature', flame/wind clouds","Suicidal boredom, drunk fighting","Boro Breath, Thunder Bagua",Island,High,
Whitebeard,One Piece,anime,Pirate,"Tremor Fruit (quakes), Conqueror's Haki",World-ending quake shockwaves,"Aging, illness, old wounds","Quake punches, air-cracking tremors",Island,High,
Trafalgar Law,One Piece,anime,Pirate,Op-Op Fruit (ROOM spatial surgery),"Teleport/dismember in ROOM, immortality op","Stamina cost, ranged limits","ROOM, Shambles, Gamma Knife",City,High,
Portgas D. Ace,One Piece,anime,Pirate,Flame logia fire,"Logia intangibility, large-scale fire","Beaten by magma, reckless","Fire Fist, Flame Commandment",City,High,
Doflamingo,One Piece,anime,Pirate,"String-String Fruit, Haki","Body control via strings, flight","Strings can be cut, ego","Parasite, Birdcage, Overheat",City,High,
Boa Hancock,One Piece,anime,Pirate,"Love-Love petrification, Haki","Turns lustful to stone, Conqueror's Haki","Relies on desire, prideful","Mero Mero Mellow, Slave Arrow",City,High,
Ichigo Kurosaki,Bleach,anime,Soul Reaper,"Zanpakuto, Bankai, Hollow mask, Quincy powers","Hybrid power, immense reiatsu","Inconsistent control, emotional triggers","Getsuga Tensho, Bankai, Final Getsuga",Island,High,
Aizen,Bleach,anime,Soul Reaper,"Kyoka Suigetsu total hypnosis, Hogyoku","Complete illusion control, near-immortal forms","Hypnosis needs first sight, hubris","Kyoka Suigetsu, Hogyoku evolution",Island,High,
Kenpachi Zaraki,Bleach,anime,Soul Reaper,"Immense raw reiatsu, Nozarashi Bankai",Pure combat monster,"Poor reiatsu control, no finesse","Nozarashi, unrestrained slashing",City,High,
Byakuya Kuchiki,Bleach,anime,Soul Reaper,"Senbonzakura blade petals, Bankai","Thousands of blades, speed","Pride, weak inside blade range",Senbonzakura Kageyoshi,City,High,
Ulquiorra,Bleach,anime,Hollow,"Espada Resurreccion, Cero Oscuras","Regeneration, flight, immense power","Can't regen organs, rigid","Cero Oscuras, Lanza del Relampago",City,High,
Grimmjow,Bleach,anime,Hollow,"Resurreccion (Pantera), Cero","Speed, claws, aggression",Reckless pride,"Cero, Desgarron",Building,High,
Yhwach,Bleach,anime,Quincy,"The Almighty (future sight/alteration), power theft","Near-omnipotence, future control","Blind interval in Almighty, arrogance","The Almighty, Auswahlen",Continent,High,
Toshiro Hitsugaya,Bleach,anime,Soul Reaper,"Hyorinmaru ice dragon, Bankai","Strongest ice user, prodigy","Limited Bankai time, young",Daiguren Hyorinmaru,City,High,
Edward Elric,Fullmetal Alchemist,anime,Alchemist,"Circle-less alchemy, automail limbs","Genius, fast transmutation, martial skill","Short-temper trigger, alchemy rules, automail","Clap transmutation, blade arm",Wall,High,
Roy Mustang,Fullmetal Alchemist,anime,Alchemist,Flame Alchemy (instant combustion),"Devastating fire, tactical mind","Useless when gloves wet, later blinded","Flame snaps, pinpoint combustion",Building,High,
Father,Fullmetal Alchemist,anime,Homunculus,"Absorbed God, circle-less near-omnipotence","Reality-warping power, philosopher's stone core","Needs God contained, hubris","Matter creation, energy blasts",Continent,High,
Greed,Fullmetal Alchemist,anime,Homunculus,"Ultimate Shield (carbon skin), regeneration","Near-impervious skin, durability",Vulnerable to heat softening carbon,Ultimate Shield claws,Building,High,
Light Yagami,Death Note,manga,Antagonist,Death Note (kills by name+face),"Master strategist, manipulation","No combat skill, notebook-dependent, hubris","Death Note, controlling victims' actions",Human,High,
L,Death Note,manga,Detective,Genius deduction,"Master investigator, capoeira kicks","Physically frail, no powers",Deductive reasoning,Human,High,
Eren Yeager,Attack on Titan,anime,Titan Shifter,Attack/Founding/War Hammer Titan,"Hardening, regen, command all Titans","Transformation stamina, mortal as human","Founding rumbling, hardened spears",Continent,High,
Levi Ackerman,Attack on Titan,anime,Soldier,"ODM mastery, peak human ability","Strongest soldier, flawless blades","Fully human, aging, ambush-prone","ODM spins, dual-blade nape strikes",Human,High,
Mikasa Ackerman,Attack on Titan,anime,Soldier,"ODM mastery, Ackerman strength","Elite blades, superhuman reflexes","Tied to Eren, fully human",ODM aerial combat,Human,High,
Reiner Braun,Attack on Titan,anime,Titan Shifter,Armored Titan hardened plating,"Walking fortress, endurance","Slow, split-personality trauma","Armored charge, hardened shell",Building,High,
Annie Leonhart,Attack on Titan,anime,Titan Shifter,"Female Titan (hardening, agility, calling)","Agile, martial arts, hardened limbs",Crystallizes when cornered,"Female Titan hardening, Titan-call scream",Building,High,
Zeke Yeager,Attack on Titan,anime,Titan Shifter,"Beast Titan (throwing, royal command)","Long-range throws, turns Eldians to Titans","Needs spinal fluid contact, scheming","Stone throws, scream command",City,High,
Tanjiro Kamado,Demon Slayer,anime,Demon Slayer,"Water & Sun Breathing, enhanced smell, Mark","Keen perception, hard head, breathing styles","Human stamina, demons heal fast","Water Breathing, Hinokami Kagura",Wall,High,
Nezuko Kamado,Demon Slayer,anime,Demon,"Demon strength, Blood Demon Art fire, regen","Sunlight resistance, blood pyrokinesis","Sleeps to recover, early loss of control","Exploding Blood, size shift",Wall,High,
Zenitsu Agatsuma,Demon Slayer,anime,Demon Slayer,"Thunder Breathing, sleep-fighting","Godspeed asleep, perfected first form","Cowardice awake, one main form",Thunderclap and Flash,Wall,High,
Inosuke Hashibira,Demon Slayer,anime,Demon Slayer,"Beast Breathing, flexible joints, dual blades","Heightened touch, agility","Reckless, ego","Beast Breathing, joint dislocation",Wall,High,
Rengoku,Demon Slayer,anime,Demon Slayer,"Flame Breathing, Hashira skill","Master swordsman, iron spirit","Human stamina, mortal","Flame Breathing forms, Flame Tiger",Wall,High,
Giyu Tomioka,Demon Slayer,anime,Demon Slayer,"Water Breathing, Dead Calm","Water Hashira, calm precision","Human limits, self-doubt",Dead Calm,Wall,High,
Muzan Kibutsuji,Demon Slayer,anime,Demon,"Progenitor demon, regen, blood demon arts","Near-immortal, creates demons, shapeshift","Sunlight kills him, fear of death","Tentacle whips, instant regen",City,High,
Akaza,Demon Slayer,anime,Demon,"Upper Moon 3, martial arts, regen","Compass-needle technique, super strength","Won't eat women, sunlight, pride",Destructive Death: Compass,Building,High,
Gojo Satoru,Jujutsu Kaisen,anime,Sorcerer,"Limitless, Six Eyes, Infinity, Hollow Purple","Strongest sorcerer, near-untouchable","Domain strain, can be sealed","Infinity, Blue, Red, Hollow Purple, Unlimited Void",Island,High,
Yuji Itadori,Jujutsu Kaisen,anime,Sorcerer,"Superhuman body, Sukuna vessel, Black Flash","Insane strength/durability, fast learner","Limited cursed-energy control, Sukuna risk","Divergent Fist, Black Flash",Building,High,
Sukuna,Jujutsu Kaisen,anime,Curse,"Cleave/Dismantle, Malevolent Shrine, fire arrow","King of Curses, guaranteed-hit domain","Needs vessel/fingers, arrogance","Malevolent Shrine, Cleave, Fuga",City,High,
Megumi Fushiguro,Jujutsu Kaisen,anime,Sorcerer,Ten Shadows shikigami summons,Versatile summons incl. Mahoraga,"Shikigami die permanently, drain","Divine Dogs, Nue, Mahoraga",City,High,
Toji Fushiguro,Jujutsu Kaisen,anime,Assassin,"Heavenly Restriction (peak human), cursed tools","Invisible to sorcerers, superhuman",Fully human durability ceiling,"Inverted Spear of Heaven, Playful Cloud",Building,High,
Saitama,One Punch Man,anime,Hero,"Limitless strength, speed, durability","Effectively unbeatable, infinite stamina","Boredom, weak social life","Serious Punch, Serious Series",Universal,High,
Genos,One Punch Man,anime,Cyborg,"Cybernetic body, incineration cannons, flight","Powerful blasts, analytical","Body destroyed often, outclassed by top threats",Incineration Cannon,City,High,
Garou,One Punch Man,anime,Martial Artist,"Martial mastery, Cosmic form, copies moves","Adapts to any style, monster evolution","Human limits pre-monster, ego",Water Stream Rock Smashing Fist,Planet,High,
Tatsumaki,One Punch Man,anime,Hero,"Psychokinesis (telekinesis, barriers, flight)","S-class esper, hurls massive objects","Small body, low stamina, arrogant","Telekinetic storms, barriers",City,High,
Mob,Mob Psycho 100,anime,Esper,"Psychokinesis, ???% explosive power, absorption","Strongest esper, reality-bending at peak","Suppresses power for ethics, anxiety","Psychic barriers, ???% mode",Island,High,
Reigen Arataka,Mob Psycho 100,anime,Con Man,"None (charisma, conviction)","Talks down espers, borrowed power moments",No real psychic power,"Salt Splash (placebo), persuasion",Human,High,
Killua Zoldyck,Hunter x Hunter,anime,Hunter,"Nen Transmuter, Godspeed electricity","Lightning speed, precision killing","Past conditioning, limited Nen reserves","Godspeed, Whirlwind, Lightning Palm",Building,High,
Gon Freecss,Hunter x Hunter,anime,Hunter,"Nen Enhancer, Jajanken, adult form","Raw power, rapid growth, huge potential","Reckless, traded lifespan for power",Jajanken (Rock/Paper/Scissors),City,High,
Hisoka,Hunter x Hunter,anime,Hunter,"Nen Transmuter (Bungee Gum, Texture Surprise)","Elastic aura, combat genius, unpredictable","Bloodlust, toys with prey","Bungee Gum, Texture Surprise",Building,High,
Meruem,Hunter x Hunter,anime,Chimera Ant,"Immense Nen, aura absorption, genius","Strongest Ant King, rapid evolution","Poison vulnerability, emotional growth","Aura sense, photon, En",City,High,
Yusuke Urameshi,Yu Yu Hakusho,anime,Spirit Detective,"Spirit energy, Spirit Gun, Mazoku lineage","Reiki blasts, demon durability","Hotheaded, energy depletion","Spirit Gun, Spirit Wave",City,High,
Hiei,Yu Yu Hakusho,anime,Demon,"Fire demon, Jagan eye, Dragon of the Darkness Flame","Speed, black flame dragon, swordsmanship",Black dragon can consume user,"Dragon of the Darkness Flame, Jagan",City,High,
Inuyasha,Inuyasha,anime,Half-Demon,"Half-demon strength, Tessaiga, claws","Demonic durability/healing, sword techniques","Loses power on new moon, blood-rage","Wind Scar, Backlash Wave",Building,High,
Sesshomaru,Inuyasha,anime,Demon,"Full demon, Tokijin/Bakusaiga, poison, flight","Superior demon power, regenerates arm","Pride, emotional detachment","Bakusaiga, Dragon Strike, poison claws",City,High,
Spike Spiegel,Cowboy Bebop,anime,Bounty Hunter,"Jeet Kune Do, marksmanship, piloting",Elite hand-to-hand and gunplay,"Fully human, old injuries, fatalistic","Gunfighting, close-quarters martial arts",Human,High,
Vash the Stampede,Trigun,anime,Gunman,"Angel Arm, superhuman gun skill, plant powers","Insane marksmanship, regen, energy cannon","Pacifist, trauma, power backlash","Angel Arm, trick-shot gunplay",City,High,
Guts,Berserk,manga,Mercenary,"Superhuman strength, Dragonslayer, Berserker Armor","Slays apostles, brutal endurance","Armor damages body, cursed brand","Dragonslayer cleaves, cannon arm",City,High,
Griffith,Berserk,manga,Antagonist,"Godhand (Femto), causality manipulation","God-tier authority over fate, summons demons","Pre-ascension human, arrogance","Causality control, demon summoning",Star,High,
Alucard,Hellsing,anime,Vampire,"Regeneration, shapeshifting, familiars","Near-immortal, soul army, firepower","Bound by master's seals, holy weapons","Jackal/Casull, level-zero release",City,High,
Lelouch Lamperouge,Code Geass,anime,Strategist,"Geass (absolute command), tactics","Mind-control commands, master strategist","One command per person, frail body",Geass absolute obedience,Human,High,
Kenshiro,Fist of the North Star,anime,Martial Artist,Hokuto Shinken pressure-point destruction,"Destroys bodies from within, durability","Honor-bound, emotional",Hokuto Hyakuretsuken,City,High,
Jotaro Kujo,JoJo's Bizarre Adventure,anime,Stand User,"Star Platinum (strength/speed, time stop)","Time stop, precision, durability","Limited time-stop duration, Stand range","Star Platinum: The World, ORA barrage",City,High,
Dio Brando,JoJo's Bizarre Adventure,anime,Vampire,"Vampirism, The World time stop, freezing","Time stop, immortality, body manipulation","Sunlight/Ripple, ego","The World, freezing touch",City,High,
Giorno Giovanna,JoJo's Bizarre Adventure,anime,Stand User,"Gold Experience, GER (reset to zero)",Requiem nullifies actions/causality,Limited reach without GER,Gold Experience Requiem,Universal,High,
Joseph Joestar,JoJo's Bizarre Adventure,anime,Ripple User,"Hamon, Hermit Purple, foresight","Cunning trickster, prediction","Ages out of prime, trick-reliant","Hamon, clackers, foresight",Wall,High,
Meliodas,Seven Deadly Sins,anime,Demon,"Full Counter, demon mark, immortality","Reflects attacks, huge ceiling","Emotional over Elizabeth, curse cycle","Full Counter, Revenge Counter",Island,High,
Escanor,Seven Deadly Sins,anime,Human,"The One (power grows with sun), Sunshine","Strongest at noon, immense heat","Powerless at night, short peak","Cruel Sun, Divine Sword",City,High,
Asta,Black Clover,anime,Knight,"Anti-magic swords, Devil Union","Nullifies all magic, devil power, stamina",No magic of his own,Demon-Slayer/Dweller swords,City,High,
Yuno,Black Clover,anime,Knight,"Wind & Star magic, spirit dives","Huge mana, elite control",Less durable than Asta,"Spirit Storm, Star Magic",City,High,
Natsu Dragneel,Fairy Tail,anime,Mage,"Fire Dragon Slayer magic, Dragon Force","Eats flames, huge endurance, END demon","Motion sickness, reckless","Fire Dragon's Roar, Lightning Flame Mode",City,High,
Erza Scarlet,Fairy Tail,anime,Mage,"Requip (The Knight), many armors","Versatile armory, master swordsmanship","Requip delay, armor-specific weakness","Requip armors, Heaven's Wheel",City,High,
Gray Fullbuster,Fairy Tail,anime,Mage,"Ice-Make, Devil Slayer ice","Versatile constructs, anti-demon ice",Ice melts vs heat,Ice-Make Lance/Hammer,Wall,High,
Gildarts Clive,Fairy Tail,anime,Mage,Crash magic (disassembles matter),"Breaks anything apart, durability","Lost limbs once, gentle","Crash, Disassembly Magic",City,High,
Simon,Gurren Lagann,anime,Mecha Pilot,"Spiral power, Tengen Toppa Gurren Lagann","Galaxy-scale mecha, reality-defying drills",Power tied to willpower/emotion,"Giga Drill Breaker, Tengen Toppa",Universal,High,
Kamina,Gurren Lagann,anime,Mecha Pilot,"Spiral power, Gurren, sheer will","Inspires impossible feats, charisma","Reckless, mortal, dies early","Gurren combat, drill attacks",Building,High,
Saber,Fate/stay night,anime,Servant,"Magic resistance, Excalibur, Mana Burst","Top Servant stats, holy sword","Needs Master's mana, honor-bound","Excalibur, Invisible Air, Avalon",City,High,
Gilgamesh,Fate/stay night,anime,Servant,"Gate of Babylon (countless Noble Phantasms), Ea","Infinite weapon arsenal, reality-cutting sword","Arrogance, doesn't take fights seriously","Gate of Babylon, Enuma Elish",Continent,High,
Saiki Kusuo,Saiki K,anime,Esper,"Telepathy, telekinesis, teleport, time travel",Near-omnipotent psychic,"Power limiters, wants normal life","Psychokinesis, time reversal",Star,High,
Accelerator,A Certain Magical Index,anime,Esper,Vector manipulation (redirect any vector),"Reflects all attacks, controls forces",Brain damage limits stamina,"Vector reflection, plasma, flight",Island,High,
Mikoto Misaka,A Certain Scientific Railgun,anime,Esper,"Electromaster (railgun, lightning)","Level 5 esper, EM control","Stamina limits, emotional","Railgun coin shot, lightning",City,High,
Touma Kamijou,A Certain Magical Index,anime,Esper,Imagine Breaker (negates powers/magic),Cancels any supernatural ability,"Fully human body, right hand only",Imagine Breaker negation,Building,High,
Rimuru Tempest,That Time I Got Reincarnated as a Slime,anime,Slime,"Predator copy abilities, Great Sage, regen","Absorbs powers, limitless growth",Weak early before evolving,"Megiddo, Predator, Universe skills",Continent,High,
Bugs Bunny,Looney Tunes,cartoon,Trickster,"Toon physics, reality manipulation, gadgets","Outsmarts anyone, breaks the fourth wall, immortal toon","Overconfidence, only acts when provoked","Disguises, hammerspace props, reality edits",Universal,High,
Daffy Duck,Looney Tunes,cartoon,Trickster,"Toon physics, regeneration","Survives anything, scheming","Greed, ego, victim of slapstick","Hammerspace props, schemes",Building,High,
Tom,Tom and Jerry,cartoon,Cat,"Toon resilience, gadgets","Survives extreme damage, persistent",Always outwitted by Jerry,"Traps, improvised weapons",Building,High,
Jerry,Tom and Jerry,cartoon,Mouse,"Toon resilience, ingenuity","Outwits Tom, super speed bursts",Small size,"Traps, improvised weapons",Building,High,
Mickey Mouse,Disney,cartoon,Icon,"Toon physics, sorcery (Fantasia)","Resourceful, magic broom command, fan-favorite",Limited raw power,Sorcerer's Apprentice magic,Wall,High,
Donald Duck,Disney,cartoon,Icon,"Toon physics, rage strength","Surprising strength when angry, resilient","Short temper, bad luck",Tantrum fury,Wall,High,
Goofy,Disney,cartoon,Icon,"Toon physics, dumb luck","Survives absurd falls, super strength when needed",Clumsiness,Slapstick endurance,Wall,Med,
Scrooge McDuck,DuckTales,cartoon,Adventurer,"Cane combat, agility, wealth","Pogo-cane fighting, sharp wits, deep pockets","Aging, greed",Cane pogo strike,Human,Med,
Popeye,Popeye,cartoon,Sailor,Spinach super strength,Spinach turns him near-invincible,Powerless without spinach,Spinach-powered punches,City,High,
SpongeBob SquarePants,SpongeBob,cartoon,Icon,"Toon resilience, regeneration, karate","Regenerates, endless optimism/stamina","Naivety, fear of failure","Karate chops, bubble blowing",Wall,High,
Patrick Star,SpongeBob,cartoon,Sea Star,"Toon resilience, regeneration","Survives anything, occasional genius",Extreme stupidity,Regeneration,Wall,Med,
Plankton,SpongeBob,cartoon,Villain,"Genius intellect, robots/inventions","Master schemer, tech inventions","Tiny, repeated failure","Inventions, mind-control schemes",Building,Med,
Rick Sanchez,Rick and Morty,cartoon,Scientist,"Genius intellect, portal gun, infinite tech","Smartest in the multiverse, any device on demand","Alcoholism, nihilism, arrogance","Portal gun, improvised super-weapons",Universal,High,
Morty Smith,Rick and Morty,cartoon,Sidekick,"Survival instinct, occasional tech use",Resourceful under pressure,"Anxiety, ordinary human",Borrowed Rick tech,Human,Med,
Homer Simpson,The Simpsons,cartoon,Icon,"Toon resilience, thick skull","Survives extreme trauma, brute strength bursts","Stupidity, laziness, gluttony",Headbutt durability,Wall,Med,
Bart Simpson,The Simpsons,cartoon,Icon,"Mischief, slingshot, skateboarding","Quick, resourceful prankster","Child, no powers","Slingshot, pranks",Human,Med,
Eric Cartman,South Park,cartoon,Icon,"Manipulation, schemes","Cunning, ruthless manipulator","Child, no powers, ego",Elaborate schemes,Human,Med,
Finn,Adventure Time,cartoon,Hero,"Swordsmanship, grass sword, courage","Skilled fighter, many magic swords","Human, emotional","Grass Sword, Finn Sword",Wall,High,
Jake,Adventure Time,cartoon,Shapeshifter,"Stretching, size change, shapeshifting","Stretches/grows enormously, versatile","Lazy, limited stamina at giant size","Size manipulation, stretch attacks",City,High,
Princess Bubblegum,Adventure Time,cartoon,Ruler,"Genius science, candy biomancy","Master scientist, creates life",Frail in melee,"Bio-engineering, weaponry",City,Med,
Marceline,Adventure Time,cartoon,Vampire,"Flight, shapeshifting, immortality, music","Vampire strength, transforms into monsters","Sunlight, emotional past","Monster forms, soul-sucking",City,High,
Steven Universe,Steven Universe,cartoon,Gem Hybrid,"Shield, bubble, healing, fusion","Defensive powers, healing tears, fusion",Powers tied to emotion,"Shield, bubble, fusion, pink form",Island,High,
Garnet,Steven Universe,cartoon,Gem (Fusion),"Gauntlets, future vision, super strength","Future sight, powerful melee, stable fusion",Defusing splits her,"Gauntlet strikes, future vision",City,High,
Aang,Avatar: The Last Airbender,cartoon,Avatar,"All four bending arts, Avatar State, energybending","Master of all elements, Avatar State boost","Pacifism, Avatar State vulnerability","Air Scooter, Avatar State, energybending",Continent,High,
Zuko,Avatar: The Last Airbender,cartoon,Firebender,"Firebending, lightning redirection, dual swords",Skilled firebender/swordsman,"Hot temper, inner conflict","Fire blasts, lightning redirection",Building,High,
Katara,Avatar: The Last Airbender,cartoon,Waterbender,"Waterbending, healing, bloodbending","Master waterbender, healing, bloodbending",Bloodbending only at full moon,"Water whip, ice spikes, bloodbending",City,High,
Toph Beifong,Avatar: The Last Airbender,cartoon,Earthbender,"Earthbending, metalbending, seismic sense","Invented metalbending, senses via vibrations",Blind (vulnerable in air/water),"Metalbending, seismic sense, rock pillars",City,High,
Korra,The Legend of Korra,cartoon,Avatar,"Four elements, Avatar State, spiritbending","Powerful Avatar, energybending","Reckless, trauma later","Avatar State, all bending arts",Continent,High,
Ben Tennyson,Ben 10,cartoon,Hero,Omnitrix (transform into aliens),Dozens of alien forms with unique powers,"Wrong transformation, time limit","Four Arms, Heatblast, Way Big, Alien X",Universal,High,
Danny Phantom,Danny Phantom,cartoon,Ghost Hybrid,"Intangibility, flight, ghost ray, ghostly wail","Phasing, energy blasts, sonic wail","Power drains him, ghost weaknesses","Ghost Ray, Ghostly Wail, intangibility",City,High,
Jimmy Neutron,Jimmy Neutron,cartoon,Genius,"Genius intellect, inventions","Builds any gadget, brain blasts","Child, overconfidence","Inventions, robots",Building,Med,
Dexter,Dexter's Laboratory,cartoon,Genius,"Genius intellect, secret lab, robots","Advanced tech, robots, gadgets","Child, sister interference","Inventions, mecha",Building,Med,
Samurai Jack,Samurai Jack,cartoon,Samurai,"Magic katana, master swordsmanship","Blade can cut anything evil, elite warrior","Mortal body, time displacement",Mystic katana strikes,City,High,
Johnny Bravo,Johnny Bravo,cartoon,Icon,"Strength, ego","Strong, fast","Vanity, dim-witted",Karate poses,Human,Low,
Courage,Courage the Cowardly Dog,cartoon,Dog,"Cowardly cunning, computer help","Survives horrors, resourceful","Constant fear, small","Screaming, improvisation",Human,Low,
Ed,Ed Edd n Eddy,cartoon,Icon,"Super strength, durability","Immense raw strength, takes any hit",Extreme stupidity,Brute strength,Wall,Med,
Numbuh One,Codename: Kids Next Door,cartoon,Operative,"2x4 tech gadgets, leadership","Tactical leader, kid-tech arsenal","Child, gadget-reliant",2x4 weapons,Human,Low,
Blossom,The Powerpuff Girls,cartoon,Superhero,"Flight, ice breath, super strength, lasers","Leader, ice breath, energy beams","Emotional, bossy","Ice breath, energy projection",City,High,
Bubbles,The Powerpuff Girls,cartoon,Superhero,"Flight, sonic scream, super strength","Sonic scream, multilingual, strength",Cries easily,Sonic scream,City,High,
Buttercup,The Powerpuff Girls,cartoon,Superhero,"Flight, super strength, toughness","Strongest fighter, fearless","Hot temper, reckless",Super-strength strikes,City,High,
Mojo Jojo,The Powerpuff Girls,cartoon,Villain,"Genius intellect, mecha","Master inventor, giant robots","Ego, repeated defeat","Robots, schemes",Building,Med,
Scooby-Doo,Scooby-Doo,cartoon,Dog,"Cowardly speed, eating","Fast when scared, loyal","Cowardice, gluttony","Running away, lucky escapes",Human,Low,
Shaggy,Scooby-Doo,cartoon,Sleuth,"Speed when scared, appetite",Surprisingly fast/strong (meme aside),Cowardice,"Running, improvisation",Human,Low,
Optimus Prime,Transformers,cartoon,Autobot,"Transformation, Ion blaster, Energon axe, Matrix","Leader, vehicle mode, immense strength","Self-sacrificing, Energon dependence","Ion Blaster, Energon Axe, Matrix of Leadership",City,High,Same name appears in another medium — use this medium's portrayal
Megatron,Transformers,cartoon,Decepticon,"Transformation, fusion cannon, super strength","Brutal warlord, powerful cannon","Pride, betrayal-prone",Fusion Cannon,City,High,
Bumblebee,Transformers,cartoon,Autobot,"Transformation, stingers, agility","Fast scout, stingers","Smaller frame, damaged voice",Stinger blasters,Building,Med,Same name appears in another medium — use this medium's portrayal
He-Man,He-Man,cartoon,Hero,"Super strength, Power Sword",Strongest man in the universe,"Identity secrecy, magic-reliant","Power Sword, raw strength",City,High,
Skeletor,He-Man,cartoon,Villain,"Dark magic, Havoc Staff",Powerful sorcery,"Ego, bumbling minions","Magic bolts, Havoc Staff",City,Med,
Lion-O,ThunderCats,cartoon,Hero,"Sword of Omens, Eye of Thundera, agility","Sight beyond sight, energy sword","Young, impulsive",Sword of Omens blasts,City,Med,
Captain Planet,Captain Planet,cartoon,Hero,Elemental control (earth/fire/wind/water/heart),"Master of all elements, flight",Weak to pollution/toxins,Elemental attacks,City,Med,
Wakko,Animaniacs,cartoon,Trickster,"Toon physics, hammerspace","Survives anything, gag mallet","Gluttony, chaos","Mallet, hammerspace",Building,Low,
Earthworm Jim,Earthworm Jim,cartoon,Hero,"Super-suit, plasma blaster, whip head","Powerful suit, ray gun, agility",Suit-dependent,"Plasma Blaster, whip head",Building,Low,
Aku,Samurai Jack,cartoon,Demon,"Shapeshifting, fire breath, immortality, reality warp","Near-omnipotent shapeshifter, eye beams",Vulnerable only to Jack's magic blade,"Shapeshifting, fire blasts, portals",City,High,
Wile E. Coyote,Looney Tunes,cartoon,Trickster,"Gadgets (ACME), toon resilience","Endless inventions, survives explosions",Gadgets always backfire,ACME devices,Building,Med,
Road Runner,Looney Tunes,cartoon,Bird,"Super speed, toon physics","Outruns everything, dodges traps",Limited offense,Speed bursts,Building,Med,
Pinky,Pinky and the Brain,cartoon,Mouse,Toon resilience,"Loyal, lucky",Stupidity,Comic relief,Human,Low,
Brain,Pinky and the Brain,cartoon,Mouse,"Genius intellect, inventions","World-domination schemer, gadgets","Tiny, plans always fail","Inventions, schemes",Building,Low,
Gumball Watterson,The Amazing World of Gumball,cartoon,Cat,"Toon physics, reality manipulation","Reality-bending gags, fourth-wall awareness","Impulsive, child",Toon reality edits,City,Med,
Mordecai,Regular Show,cartoon,Bird,Toon physics,Survives surreal threats,"Slacker, ordinary",Improvisation,Wall,Low,
Rigby,Regular Show,cartoon,Raccoon,Toon physics,Survives surreal threats,"Lazy, weak",Improvisation,Wall,Low,
Star Butterfly,Star vs. the Forces of Evil,cartoon,Princess,"Magic wand, spells, dimensional scissors","Versatile spellcasting, monster summons","Wand-dependent, impulsive","Narwhal Blast, Mewberty",City,High,
Marco Diaz,Star vs. the Forces of Evil,cartoon,Sidekick,"Karate, courage",Skilled martial artist,"Human, no innate magic",Karate strikes,Human,Med,
Kim Possible,Kim Possible,cartoon,Spy,"Martial arts, gadgets, acrobatics","Elite spy skills, gadgets","Human, gadget-reliant","Kung-fu, grappling hook",Human,Med,
Raphael,TMNT,cartoon,Turtle,"Sai, ninjutsu, super strength","Strongest, aggressive fighter",Hot temper,"Sai strikes, ninjutsu",Building,High,
Leonardo,TMNT,cartoon,Turtle,"Katana, ninjutsu, leadership","Disciplined swordsman, tactician",Self-doubt,"Twin katana, ninjutsu",Building,High,
Donatello,TMNT,cartoon,Turtle,"Bo staff, genius intellect, tech","Inventor, reach weapon",Weakest in melee,"Bo staff, gadgets",Building,High,
Michelangelo,TMNT,cartoon,Turtle,"Nunchaku, agility","Most agile, unpredictable","Goofy, undisciplined","Nunchaku, ninjutsu",Building,High,
Shredder,TMNT,cartoon,Villain,"Bladed armor, ninjutsu mastery","Master ninja, armored blades",Arrogance,"Gauntlet blades, ninjutsu",Building,High,
Inspector Gadget,Inspector Gadget,cartoon,Detective,Cybernetic gadgets,Endless built-in tools,"Clumsy, gadgets misfire",Go-Go-Gadget tools,Building,Low,
Darkwing Duck,Darkwing Duck,cartoon,Hero,"Gadgets, gas gun, martial arts","Skilled crimefighter, gadgets","Ego, clumsy","Gas Gun, grappling",Human,Low,
Gargoyle Goliath,Gargoyles,cartoon,Gargoyle,"Super strength, flight (gliding), durability","Stone-skin by day, powerful warrior by night",Turns to stone in daylight,"Gliding, brute strength",City,Med,
Aladdin,Aladdin (TV),cartoon,Hero,"Agility, scimitar, wits","Acrobat, resourceful","Human, no innate power","Sword, acrobatics",Human,Med,
Jackie Chan,Jackie Chan Adventures,cartoon,Hero,"Martial arts, talismans","Elite kung fu, talisman powers",Human without talismans,"Kung fu, talisman abilities",Building,Med,
Jade,Jackie Chan Adventures,cartoon,Sidekick,Talisman powers (when used),"Resourceful, brave",Child,Borrowed talisman powers,Wall,Low,
Wonder Woman (DCAU),Justice League (animated),cartoon,Hero,"Super strength, flight, Lasso of Truth, durability","Amazonian warrior, near-Superman tier","Bound by own lasso, honor","Lasso of Truth, bracers, sword",City,High,Same name appears in another medium — use this medium's portrayal
Superman (DCAU),Justice League (animated),cartoon,Hero,"Flight, super strength, heat vision, invulnerability","Near-invincible, flight, speed","Kryptonite, magic","Heat vision, freeze breath, flight",Planet,High,Same name appears in another medium — use this medium's portrayal
Batman (DCAU),Batman: The Animated Series,cartoon,Hero,"Genius intellect, martial arts, gadgets","Master strategist, prep time, peak human",Fully human,"Batarangs, gadgets, martial arts",Human,High,Same name appears in another medium — use this medium's portrayal
Static,Static Shock,cartoon,Hero,"Electromagnetism, electricity, flight (disc)","Lightning blasts, magnetism, flight",Power tied to charge,"Electric blasts, magnetic control",City,Med,
Spider-Man (Spectacular),Spectacular Spider-Man,cartoon,Hero,"Wall-crawl, spider-sense, web-shooters, agility","Danger sense, agility, super strength",Web fluid runs out,"Web-swinging, spider-sense",City,High,Same name appears in another medium — use this medium's portrayal
X-Men Wolverine (animated),X-Men: The Animated Series,cartoon,Hero,"Healing factor, adamantium claws, senses","Regenerates, unbreakable claws","Berserker rage, metal-magnetism vulnerability","Adamantium claws, healing factor",Building,High,
Beast Boy,Teen Titans,cartoon,Hero,Shapeshifting into animals,"Becomes any animal, versatile",Limited to known animals,Animal transformations,City,High,
Raven,Teen Titans,cartoon,Hero,"Telekinesis, dark energy, teleport, empathy","Powerful sorcery, soul-self",Emotion triggers demon side,"Azarath Metrion Zinthos, soul-self",Island,High,
Robin,Teen Titans,cartoon,Hero,"Martial arts, gadgets, bo staff","Tactical leader, elite fighter",Human,"Birdarangs, bo staff",Human,High,
Starfire,Teen Titans,cartoon,Hero,"Flight, starbolts, super strength, durability","Energy blasts, flight, alien strength",Power tied to emotion,"Starbolts, eye beams",City,High,
Cyborg,Teen Titans,cartoon,Hero,"Cybernetics, sonic cannon, strength","Tech arsenal, sonic cannon","Needs recharging, EMP-vulnerable","Sonic Cannon, gadgets",City,High,
Invincible,Invincible,cartoon,Hero,"Flight, super strength, speed, durability","Viltrumite power, near-invulnerable, growing","Inexperience early, emotional","Flight, super-strength strikes",Planet,High,
Omni-Man,Invincible,cartoon,Antagonist,"Flight, immense strength, speed, durability","Elite Viltrumite warrior, ruthless","Arrogance, emotional turn","Flight, devastating strikes",Planet,High,
Hilda,Hilda,cartoon,Adventurer,"Courage, knowledge of creatures","Brave, resourceful","Child, no powers","Wits, creature lore",Human,Low,
Lincoln Loud,The Loud House,cartoon,Icon,Resourcefulness,Clever planner,Child,Schemes,Human,Low,
Heffer,Rocko's Modern Life,cartoon,Steer,Toon resilience,Survives gags,Gluttony,Comic durability,Human,Low,
Rocko,Rocko's Modern Life,cartoon,Wallaby,Toon resilience,Survives surreal life,"Anxious, ordinary",Improvisation,Human,Low,
Catdog,CatDog,cartoon,Conjoined,Toon resilience,Survives gags,Conjoined limits,Comic durability,Human,Low,
Stimpy,Ren and Stimpy,cartoon,Cat,Toon physics,Survives extreme gags,Stupidity,Comic durability,Wall,Low,
Ren,Ren and Stimpy,cartoon,Dog,Toon physics,"Survives gags, cunning","Rage, instability",Comic schemes,Wall,Low,
Johnny Test,Johnny Test,cartoon,Icon,Gadgets from sisters,Access to advanced inventions,"Child, gadget-reliant",Borrowed inventions,Building,Low,
Phineas,Phineas and Ferb,cartoon,Inventor,Genius engineering,Builds anything in a day,Child,Inventions,Building,Low,
Perry the Platypus,Phineas and Ferb,cartoon,Secret Agent,"Martial arts, gadgets",Elite secret agent,Animal form cover,"Spy gadgets, martial arts",Human,Med,
Wander,Wander Over Yonder,cartoon,Adventurer,"Optimism, hat (hammerspace)","Disarms enemies with kindness, endless items",No direct combat,"Hat items, positivity",Wall,Low,
Buzz Lightyear (animated),Buzz Lightyear of Star Command,cartoon,Hero,"Suit, laser, jetpack","Space ranger gear, courage",Toy-origin in films,"Wrist laser, jetpack",Building,Med,
Skips,Regular Show,cartoon,Immortal,"Super strength, martial arts, immortality","Centuries of combat skill, super strength","Stoic, secretive",Fist of Justice,City,Med,
Darth Vader,Star Wars,movie,Sith,"The Force, telekinesis, lightsaber, choke","Immense Force power, master duelist","Life-support suit, emotional conflict","Force choke, lightsaber combat, telekinesis",City,High,
Luke Skywalker,Star Wars,movie,Jedi,"The Force, lightsaber, telekinesis, projection","Skilled Jedi, Force projection across galaxy","Impulsive young, aging later","Lightsaber combat, Force push, projection",City,High,
Yoda,Star Wars,movie,Jedi Master,"The Force mastery, lightsaber, telekinesis","Greatest Jedi, lightning deflection","Tiny body, age","Force lightning block, acrobatic saber duel",City,High,
Obi-Wan Kenobi,Star Wars,movie,Jedi,"The Force, lightsaber (Soresu)","Master defensive duelist, wise","Aging, restraint","Lightsaber Soresu, Force tricks",City,High,
Emperor Palpatine,Star Wars,movie,Sith Lord,"Force lightning, telekinesis, precognition","Sith mastermind, lightning storms","Overconfidence, body decay","Force Lightning, Force storm",City,High,
Rey,Star Wars,movie,Jedi,"The Force, lightsaber, healing","Fast Force learner, healing, dyad power","Inexperience, lineage burden","Force healing, lightsaber combat",City,High,
Neo,The Matrix,movie,The One,"Reality control in Matrix, flight, super strength","Bends Matrix rules, flight, bullet-stop","Real-world body, machine threats","Bullet-time, flight, code manipulation",City,High,
Agent Smith,The Matrix,movie,Program,"Replication, possession, super strength/speed","Copies into anyone, viral spread",Bound to Matrix rules,"Replication, super-strength strikes",City,High,
John Wick,John Wick,movie,Assassin,"Master marksmanship, martial arts, judo","Elite gun-fu, near-unkillable resolve","Fully human, takes heavy damage","Gun-fu, close-quarters combat",Human,High,
Ellen Ripley,Alien,movie,Survivor,"Tactics, weapons, resolve","Resourceful survivor, power loader use",Fully human,"Pulse rifle, power loader",Human,High,
The Terminator (T-800),Terminator,movie,Cyborg,"Cybernetic strength, durability, weapons","Relentless, near-indestructible endoskeleton",Vulnerable to extreme heat/crushing,"Heavy weapons, brute force",Building,High,
T-1000,Terminator 2,movie,Cyborg,"Liquid metal shapeshifting, blade limbs","Reforms from damage, mimics anyone",Extreme heat/cold disrupts form,"Shapeshifting, blade arms",Building,High,
Sarah Connor,Terminator,movie,Soldier,"Tactics, weapons, survival","Battle-hardened, resourceful",Fully human,"Firearms, tactics",Human,High,
RoboCop,RoboCop,movie,Cyborg,"Cybernetic body, Auto-9 pistol, targeting","Armored, precise marksman","Prime directives, EMP-vulnerable","Auto-9, data spike, durability",Building,High,
Predator,Predator,movie,Hunter,"Cloaking, plasma caster, blades, vision modes","Stealth hunter, advanced weapons","Honor code, visible when wet/muddy","Plasma caster, cloaking, wrist blades",Building,High,
Xenomorph,Alien,movie,Creature,"Acid blood, claws, tail, stealth, agility","Lethal predator, acid blood deters attack",Vulnerable to fire/extreme force,"Acid blood, inner jaw, tail strike",Building,High,
Indiana Jones,Indiana Jones,movie,Adventurer,"Whip, marksmanship, archaeology","Resourceful, brave, skilled","Fully human, snake phobia","Bullwhip, improvisation",Human,High,
James Bond,James Bond,movie,Spy,"Marksmanship, martial arts, gadgets","Elite spy, gadgets, driving",Fully human,"Walther PPK, spy gadgets",Human,High,
Jack Sparrow,Pirates of the Caribbean,movie,Pirate,"Swordsmanship, cunning, luck","Master trickster, sword skill","Drunk, self-serving","Swordplay, schemes",Human,High,
Maximus,Gladiator,movie,General,"Swordsmanship, tactics, leadership",Elite warrior and commander,"Fully human, grief",Sword and shield combat,Human,High,
Aragorn,The Lord of the Rings,movie,Ranger,"Swordsmanship, tracking, leadership","Elite warrior, Andúril, command of the dead",Fully human (long-lived),"Andúril, ranger skills",Human,High,
Legolas,The Lord of the Rings,movie,Elf,"Archery, agility, elven senses",Superhuman archery and agility,Limited melee vs heavy foes,"Bow mastery, acrobatic combat",Human,High,
Gandalf,The Lord of the Rings,movie,Wizard,"Magic, staff, sword, light","Maia spirit, powerful sorcery, light","Restrained power, mortal-seeming form","Staff magic, Glamdring, light blast",City,High,
Gollum,The Lord of the Rings,movie,Creature,"Agility, stealth, Ring obsession","Climber, survivor, deceptive","Frail, Ring-addicted","Strangling, stealth",Human,Med,
Sauron,The Lord of the Rings,movie,Dark Lord,"Dark magic, the One Ring, mace","Near-omnipotent, corrupts, immense strength",Bound to the One Ring,"Ring dominion, mace strikes",City,High,
Neytiri,Avatar,movie,Warrior,"Archery, agility, Na'vi strength","Elite hunter, bonded to creatures",Na'vi vulnerabilities to tech,"Bow, melee, Ikran/banshee bond",Human,Med,
Jake Sully,Avatar,movie,Warrior,"Na'vi body, archery, Toruk bond","Avatar strength, leadership","Tech weaponry, dual-body risk","Bow, Toruk Makto bond",Human,Med,
E.T.,E.T.,movie,Alien,"Telekinesis, healing, telepathy, levitation","Healing touch, levitation, empathy","Frail, Earth atmosphere","Healing finger, levitation",Wall,Med,
Marty McFly,Back to the Future,movie,Time Traveler,"Skateboarding, quick thinking","Resourceful, adaptable","Fully human, 'chicken' trigger","Improvisation, DeLorean use",Human,Med,
Doc Brown,Back to the Future,movie,Scientist,"Genius inventor, time machine","Builds time travel, eccentric genius","Fully human, scattered","Inventions, DeLorean",Human,Med,
Wednesday Addams,The Addams Family,movie,Icon,"Deadpan cunning, blades, fencing","Resourceful, fearless, skilled with weapons","Human, dark obsessions","Fencing, traps",Human,Med,
Beetlejuice,Beetlejuice,movie,Ghost,"Shapeshifting, reality warp in afterlife","Chaos magic, transformation",Bound by name-summon rules,"Shapeshifting, conjuration",City,Med,
Edward Scissorhands,Edward Scissorhands,movie,Creation,"Blade hands, topiary/ice artistry","Precise blades, gentle nature","Can't touch safely, isolation","Scissor-blade strikes, artistry",Human,Med,
Freddy Krueger,A Nightmare on Elm Street,movie,Slasher,"Dream control, regeneration, bladed glove","Near-omnipotent in dreams, immortal",Powerless if pulled into real world,"Dream manipulation, glove claws",City,High,
Jason Voorhees,Friday the 13th,movie,Slasher,"Super strength, regeneration, machete","Near-unkillable, immense strength","Slow, water-related weaknesses","Machete kills, regeneration",Building,High,
Michael Myers,Halloween,movie,Slasher,"Super strength, durability, stealth","Relentless, survives fatal wounds","Slow, can be temporarily downed","Knife kills, stalking",Building,High,
Pennywise,It,movie,Entity,"Shapeshifting, illusions, fear-feeding",Reality-warping cosmic horror,Weakened by lack of fear/belief,"Shapeshifting, Deadlights",City,High,
Pinhead,Hellraiser,movie,Cenobite,"Chains/hooks, summoning, near-immortality","Commands chains, otherworldly power",Bound by the puzzle box rules,"Hook chains, summoning",City,Med,
Chucky,Child's Play,movie,Doll,"Possessed doll, knives, voodoo","Surprise attacks, body-swap voodoo","Small doll body, fragile","Knife attacks, voodoo soul transfer",Human,Med,
Hannibal Lecter,The Silence of the Lambs,movie,Antagonist,"Genius intellect, manipulation","Brilliant manipulator, lethal precision",Fully human,"Psychological manipulation, lethal strikes",Human,High,
Hellboy,Hellboy,movie,Demon,"Super strength, Right Hand of Doom, regeneration","Immense strength, stone fist, durability","Demonic destiny, temper","Right Hand of Doom, Samaritan pistol",City,High,
Blade,Blade,movie,Daywalker,"Vampire strength/speed, immune to sunlight",Vampire powers without weaknesses,Needs serum for thirst,"Sword, glaive, gun-fu",Building,High,
Mr. Incredible,The Incredibles,movie,Hero,"Super strength, durability","Immense strength, near-invulnerable","Aging, ego",Super-strength feats,City,High,
Elastigirl,The Incredibles,movie,Hero,"Elasticity, shapeshifting body","Stretches/reshapes, versatile",Limited raw strength,"Stretch attacks, parachute form",City,High,
Dash,The Incredibles,movie,Hero,Super speed,"Runs on water, blinding speed","Child, low power",Super-speed strikes,Building,High,
Violet,The Incredibles,movie,Hero,"Invisibility, force fields","Invisible, protective shields",Confidence-dependent,"Force-field bubbles, invisibility",City,High,
Syndrome,The Incredibles,movie,Villain,"Tech (zero-point energy, gadgets)","Genius inventor, zero-point ray","No innate powers, ego","Zero-point energy beam, rockets",City,Med,
Po,Kung Fu Panda,movie,Warrior,"Kung fu, chi mastery, Dragon Warrior",Master of kung fu and chi,"Gluttony, self-doubt","Wuxi Finger Hold, chi healing",City,High,
Tai Lung,Kung Fu Panda,movie,Villain,"Kung fu mastery, nerve strikes","Elite warrior, paralysis strikes","Pride, vulnerable to Wuxi Hold","Nerve attacks, leopard agility",Building,High,
Shifu,Kung Fu Panda,movie,Master,"Kung fu mastery, chi",Master teacher and fighter,"Aging, regret",Kung fu mastery,Building,Med,
Shrek,Shrek,movie,Ogre,"Super strength, durability","Ogre strength, resilience","Temper, insecurity",Brute strength,Wall,Med,
Puss in Boots,Shrek,movie,Swordsman,"Swordsmanship, agility, charm","Master duelist cat, agile","Catnip, vanity","Rapier dueling, cat agility",Human,High,
Optimus Prime (live-action),Transformers (film),movie,Autobot,"Transformation, swords, cannon, strength","Leader, blades, immense strength","Energon dependence, self-sacrifice","Energon swords, ion cannon",City,High,Same name appears in another medium — use this medium's portrayal
Bumblebee (live-action),Transformers (film),movie,Autobot,"Transformation, stinger cannon, agility","Fast scout, plasma cannon","Damaged voice, smaller frame","Plasma cannon, agility",Building,Med,Same name appears in another medium — use this medium's portrayal
King Kong,King Kong,movie,Kaiju,"Immense strength, durability","Giant ape strength, agility for size","Mortal, emotional","Brute strength, grappling",City,High,
Godzilla,Godzilla,movie,Kaiju,"Atomic breath, immense strength, regeneration","City-leveling power, atomic breath, durability","Slow, nuclear-energy dependent","Atomic Breath, tail strikes",Island,High,
Mothra,Godzilla,movie,Kaiju,"Flight, energy beams, scales, silk","Divine kaiju, energy attacks, healing","Shorter lifespan, fragile wings","God Rays, silk spray",City,High,
King Ghidorah,Godzilla,movie,Kaiju,"Flight, gravity beams, three heads, regen","Multi-headed, gravity bolts, regeneration",Coordination of heads,"Gravity Beams, hurricane winds",Island,High,
Iron Man,Iron Man (MCU),movie,Hero,"Powered armor, repulsors, flight, AI","Genius inventor, versatile armor","Suit-dependent, heart/arc reactor","Repulsors, Unibeam, nanotech suit",City,High,
Captain America,Captain America (MCU),movie,Hero,"Peak human, vibranium shield, super soldier","Tactical genius, indestructible shield",No superpowers beyond serum,"Shield throw, hand-to-hand",Building,High,
Thor,Thor (MCU),movie,God,"Lightning, Mjolnir/Stormbreaker, super strength","God of Thunder, storm control, durability","Pride, weapon-reliant earlier","Mjolnir lightning, Stormbreaker",Planet,High,
Hulk,The Avengers (MCU),movie,Hero,"Limitless strength (anger-fueled), regeneration","Strength grows with rage, near-invincible","Loss of control, Banner duality","Thunderclap, ground smash",Island,High,
Black Widow,Avengers (MCU),movie,Hero,"Martial arts, espionage, gadgets",Elite spy and fighter,Fully human,"Widow's Bite, martial arts",Human,High,
Spider-Man (MCU),Spider-Man (MCU),movie,Hero,"Wall-crawl, spider-sense, web-shooters, strength","Agility, danger sense, Iron Spider suit","Youth, emotional","Web-swinging, spider-sense",City,High,Same name appears in another medium — use this medium's portrayal
Doctor Strange,Doctor Strange (MCU),movie,Sorcerer,"Mystic arts, portals, time (Eye of Agamotto)","Reality/time manipulation, multiverse sight","Magic strain, requires focus","Mirror Dimension, portals, time loops",Island,High,
Black Panther,Black Panther (MCU),movie,Hero,"Vibranium suit, enhanced senses, agility","Heart-Shaped Herb strength, kinetic suit",Suit charge limits,"Vibranium claws, kinetic blast",Building,High,
Thanos,Avengers: Infinity War,movie,Titan,"Super strength, durability, Infinity Gauntlet","Reality-warping with stones, immense might",Without gauntlet just very strong,"Infinity Stones, Double Snap",Universal,High,
Loki,Thor (MCU),movie,God,"Illusion magic, shapeshifting, daggers","Trickster magic, duplication","Ego, betrayal cycle","Illusions, shapeshifting, daggers",City,High,
Scarlet Witch,WandaVision (film tier),movie,Hero,"Chaos magic, telekinesis, reality warp",Reality-altering chaos magic,Emotional instability,"Hex bolts, reality warping",Island,High,
Star-Lord,Guardians of the Galaxy,movie,Hero,"Element guns, jet boots, Celestial heritage","Marksman, leadership, gadgets",Reliant on gear,"Element Guns, jet boots",Building,High,
Gamora,Guardians of the Galaxy,movie,Hero,"Enhanced strength, swordsmanship","Deadliest woman in the galaxy, Godslayer",Past trauma,"Godslayer sword, martial arts",Building,High,
Groot,Guardians of the Galaxy,movie,Hero,"Plant body, regeneration, growth","Regrows, extends limbs, immense size",Fire vulnerability,"Vine strikes, body extension",City,High,
Rocket,Guardians of the Galaxy,movie,Hero,"Genius engineering, heavy weapons","Inventor, marksman, tactician","Small, temper","Big guns, gadgets",Building,High,
Wolverine,X-Men (film),movie,Mutant,"Healing factor, adamantium claws, senses","Regenerates, unbreakable claws","Berserker rage, magnetism","Adamantium claws, healing",Building,High,
Magneto,X-Men (film),movie,Mutant,"Magnetism (metal control), flight","Controls all metal, force fields","Non-metal attacks, ego","Metal manipulation, magnetic shields",City,High,
Professor X,X-Men (film),movie,Mutant,"Telepathy, mind control, Cerebro","Most powerful telepath, mind control","Wheelchair-bound, psychic strain","Telepathy, mental paralysis",City,High,
Storm,X-Men (film),movie,Mutant,"Weather control, flight, lightning","Controls weather, lightning, flight","Claustrophobia, emotion-tied","Lightning, tornadoes, flight",City,High,
Mystique,X-Men (film),movie,Mutant,"Shapeshifting, agility, combat","Mimics anyone, elite fighter",Limited raw power,"Shapeshifting, martial arts",Building,High,
Deadpool,Deadpool,movie,Mutant,"Healing factor, swords, guns, fourth wall","Regenerates from anything, skilled mercenary","Insanity, pain persists","Katanas, gun-fu, regeneration",Building,High,
Joker (live-action),The Dark Knight,movie,Villain,"Genius chaos, manipulation","Master manipulator, fearless",Fully human,"Schemes, knives, explosives",Human,High,
Batman (live-action),The Dark Knight,movie,Hero,"Martial arts, gadgets, vehicles, intellect","Master detective and fighter, prep",Fully human,"Batarangs, gadgets, martial arts",Human,High,Same name appears in another medium — use this medium's portrayal
Wonder Woman (live-action),Wonder Woman,movie,Hero,"Super strength, Lasso, bracers, sword, flight","Amazonian demigod, near-Superman tier",Honor-bound,"Lasso of Truth, bracers, sword",City,High,Same name appears in another medium — use this medium's portrayal
Superman (live-action),Man of Steel,movie,Hero,"Flight, super strength, heat vision, invulnerability","Near-invincible, flight, speed","Kryptonite, magic","Heat vision, freeze breath, flight",Planet,High,Same name appears in another medium — use this medium's portrayal
Aquaman,Aquaman,movie,Hero,"Super strength, hydrokinesis, marine command","Underwater dominance, trident power",Less dominant on land,"Trident of Atlan, water control",City,High,
The Flash (live-action),The Flash,movie,Hero,"Super speed, Speed Force, time travel",Time/space-bending speed,"Paradox risk, impulsiveness","Speed Force, time travel",Continent,High,
Harry Potter,Harry Potter,movie,Wizard,"Spellcasting, wand, Parseltongue","Skilled young wizard, defense","Wand-reliant, young","Expelliarmus, Patronus",Wall,High,
Hermione Granger,Harry Potter,movie,Witch,"Spellcasting, genius intellect","Brightest witch, vast spell knowledge",Wand-reliant,Wide spell repertoire,Wall,High,
Voldemort,Harry Potter,movie,Dark Wizard,"Dark magic, Horcruxes, flight, Parseltongue","Most powerful dark wizard, near-immortal",Horcruxes must be destroyed first,"Avada Kedavra, dark spells",City,High,
Dumbledore,Harry Potter,movie,Wizard,"Spell mastery, Elder Wand",Greatest wizard of his age,"Aging, secrets","Elder Wand mastery, transfiguration",City,High,
Maui,Moana,movie,Demigod,"Shapeshifting, magic fishhook, super strength","Demigod strength, transforms, hook magic","Hook-dependent, ego","Shapeshifting, hook strikes",City,High,
Ash Williams,Evil Dead,movie,Hunter,"Chainsaw hand, boomstick, resilience","Survives demons, iconic weapons","Reckless, fully human","Chainsaw arm, shotgun",Human,Med,
Mad Max,Mad Max,movie,Survivor,"Driving, marksmanship, survival",Elite driver and fighter,"Fully human, haunted","Vehicular combat, firearms",Human,High,
Furiosa,Mad Max: Fury Road,movie,Warrior,"Driving, marksmanship, melee",Elite warrior and driver,"Fully human, prosthetic arm","Vehicular combat, marksmanship",Human,High,
Trinity,The Matrix,movie,The One's ally,"Matrix combat, martial arts, hacking",Elite fighter within Matrix,Real-world body,Bullet-time martial arts,Building,Med,
Morpheus,The Matrix,movie,Mentor,"Matrix combat, belief",Master fighter and guide,Real-world body,"Martial arts, conviction",Building,Med,
Léon,Léon: The Professional,movie,Assassin,"Marksmanship, stealth, close combat","Elite hitman, precision","Fully human, attachment","Firearms, stealth kills",Human,Med,
Beatrix Kiddo,Kill Bill,movie,Assassin,"Swordsmanship (Hattori Hanzo), martial arts","Elite swordswoman, Five Point Palm","Fully human, vengeance-driven","Hattori Hanzo sword, Exploding Heart",Human,High,
Dracula (Universal),Dracula,movie,Vampire,"Vampirism, hypnosis, shapeshifting","Immortal, mind control, bat/wolf form","Sunlight, stake, holy items","Hypnosis, shapeshifting",City,High,
The Bride of Frankenstein-era Monster,Frankenstein,movie,Creature,"Super strength, durability","Immense strength, resilient","Fire, slow",Brute strength,Building,Med,
King Arthur (film),King Arthur,movie,King,"Swordsmanship (Excalibur), leadership","Elite warrior, legendary blade",Fully human,Excalibur strikes,Human,Med,
